Название,Ссылка,Цена
Подвесной светильник Ферум Orange,https://www.divan.ru/product/podvesnoj-svetilnik-ferum-orange,4990руб. ₽
Светильник потолочный Ринга Black,https://www.divan.ru/product/svetilnik-potolochnyj-ringa-black,3990руб. ₽
Торшер Бьйорк White,https://www.divan.ru/product/torsher-bjork-white,11 990руб. ₽
Подвесной светильник Тубули-5 Wood,https://www.divan.ru/product/podvesnoj-svetilnik-tubuli-5-wood,11 990руб. ₽
Бра Смастен White,https://www.divan.ru/product/bra-smasten-white,4990руб. ₽
Настольная лампа Арвика Wood,https://www.divan.ru/product/nastolnaya-lampa-arvika-wood,5990руб. ₽
Подвесной светильник Инлада Wood,https://www.divan.ru/product/podvesnoj-svetilnik-inlada-wood,7990руб. ₽
Подвесной светильник Намсен Black,https://www.divan.ru/product/podvesnoj-svetilnik-namsen-black,9990руб. ₽
Люстра Ливсден Brown,https://www.divan.ru/product/lyustra-livsden-brown,15 990руб. ₽
Торшер Логмар Silver,https://www.divan.ru/product/torsher-logmar-silver,17 990руб. ₽
Подвесной светильник Гронтри-1 Wood,https://www.divan.ru/product/podvesnoj-svetilnik-grontri-1-wood,10 990руб. ₽
Бра Бракетт White,https://www.divan.ru/product/bra-brakett-white,4490руб. ₽
Подвесной светильник Отра Wood,https://www.divan.ru/product/podvesnoj-svetilnik-otra-wood,15 490руб. ₽
Подвесной светильник Кронор Orange,https://www.divan.ru/product/podvesnoj-svetilnik-kronor-orange,6490руб. ₽
Светильник потолочный Орхус White,https://www.divan.ru/product/svetilnik-potolochnyj-orhus-white,16 990руб. ₽
Подвесной светильник Рена Green,https://www.divan.ru/product/podvesnoj-svetilnik-rena-green,4990руб. ₽
Светильник потолочный Ринга White,https://www.divan.ru/product/svetilnik-potolochnyj-ringa-white,3990руб. ₽
Бра Берит Black,https://www.divan.ru/product/bra-berit-black,5990руб. ₽
Подвесной светильник Кронор Black,https://www.divan.ru/product/podvesnoj-svetilnik-kronor-black,6490руб. ₽
Настольная лампа Бьйорк White,https://www.divan.ru/product/nastolnaya-lampa-bjork-white,3990руб. ₽
Подвесной светильник Селау-2 Glass,https://www.divan.ru/product/podvesnoj-svetilnik-selau-2-glass,3490руб. ₽
Подвесной светильник Джамби Rattan,https://www.divan.ru/product/podvesnoj-svetilnik-djambi-rattan,11 990руб. ₽
Бра Пинна Black,https://www.divan.ru/product/bra-pinna-black,6990руб. ₽
Подвесной светильник Бьйорк White,https://www.divan.ru/product/podvesnoj-svetilnik-bjork-white,7990руб. ₽
Торшер Осло Blue,https://www.divan.ru/product/torsher-oslo-blue,14 990руб. ₽
Бра Бьйорк White,https://www.divan.ru/product/bra-bjork-white,1990руб. ₽
Подвесной светильник Арвика Wood,https://www.divan.ru/product/podvesnoj-svetilnik-arvika-wood,7990руб. ₽
Подвесной светильник Бенфлит Black,https://www.divan.ru/product/podvesnoj-svetilnik-benflit-black,6990руб. ₽
Светильник потолочный Орхус Black,https://www.divan.ru/product/svetilnik-potolochnyj-orhus-black,16 990руб. ₽
Настольная лампа Требен Orange,https://www.divan.ru/product/nastolnaya-lampa-treben-orange,2990руб. ₽
Подвесной светильник Ливсден Brown,https://www.divan.ru/product/podvesnoj-svetilnik-livsden-brown,3690руб. ₽
Подвесной светильник Бейла Black,https://www.divan.ru/product/podvesnoj-svetilnik-bejla-black,5990руб. ₽
Светильник потолочный Лаго White,https://www.divan.ru/product/svetilnik-potolochnyj-lago-white,11 990руб. ₽
Подвесной светильник Чинкве Silver,https://www.divan.ru/product/podvesnoj-svetilnik-chinkve-silver,5990руб. ₽
Торшер Энкель Black,https://www.divan.ru/product/torsher-enkel-black,5990руб. ₽
Люстра Малинг Multi,https://www.divan.ru/product/lyustra-maling-multi,15 490руб. ₽
Подвесной светильник Джамби-1 Rattan,https://www.divan.ru/product/podvesnoj-svetilnik-djambi-1-rattan,9990руб. ₽
Подвесной светильник Селау-1 Glass,https://www.divan.ru/product/podvesnoj-svetilnik-selau-1-glass,4990руб. ₽
Подвесной светильник Ферум Black,https://www.divan.ru/product/podvesnoj-svetilnik-ferum-black,3990руб. ₽
Бра Смастен Black,https://www.divan.ru/product/bra-smasten-black,4990руб. ₽
Подвесной светильник Кронор White,https://www.divan.ru/product/podvesnoj-svetilnik-kronor-white,7990руб. ₽
Подвесной светильник Тубули Wood,https://www.divan.ru/product/podvesnoj-svetilnik-tubuli-wood,2990руб. ₽
Настольная лампа Требен White,https://www.divan.ru/product/nastolnaya-lampa-treben-white,2990руб. ₽
Подвесной светильник Ферум Grey,https://www.divan.ru/product/podvesnoj-svetilnik-ferum-grey,3990руб. ₽
Подвесной светильник Квина Black,https://www.divan.ru/product/podvesnoj-svetilnik-kvina-black,6990руб. ₽
Подвесной светильник Бейла White,https://www.divan.ru/product/podvesnoj-svetilnik-bejla-white,5990руб. ₽
Подвесной светильник Гронтри Wood,https://www.divan.ru/product/podvesnoj-svetilnik-grontri-wood,10 990руб. ₽
Подвесной светильник Скара Wood,https://www.divan.ru/product/podvesnoj-svetilnik-skara-wood,3490руб. ₽
